uni,website,mastodonUrl,xUri,facebookUrl,linkedInUrl,instagramUrl,blueskyUrl,tiktokUrl,YouTubeUrl
http://www.wikidata.org/entity/Q2120211,https://www.ph-ludwigsburg.de/,https://bawü.social/@phludwigsburg,,,,,,,
http://www.wikidata.org/entity/Q2120222,https://www.ph-weingarten.de/,https://bawü.social/@phweingarten,,,,,,,
http://www.wikidata.org/entity/Q40025,https://www.fau.de/,https://mastodon.social/@FAU,https://x.com/UniFAU,,,https://www.instagram.com/uni_fau,,,
http://www.wikidata.org/entity/Q51985,https://www.tu.berlin/,https://wisskomm.social/@tuberlin,https://x.com/TUBerlin,https://www.facebook.com/TU.Berlin,https://www.linkedin.com/company/tuberlin,https://www.instagram.com/tu_berlin,,https://www.tiktok.com/@tu_berlin,https://www.youtube.com/channel/UCeH4whDP6cyiWjDPCpMVjuw
http://www.wikidata.org/entity/Q1622234,http://www.hs-coburg.de/,,,https://www.facebook.com/hscoburg,,https://www.instagram.com/hochschule_coburg,,,
http://www.wikidata.org/entity/Q2718933,https://www.rwu.de/,,,https://www.facebook.com/HomeWeingarten,,,,,
http://www.wikidata.org/entity/Q127256070,https://www.mul-ct.de/,,,https://www.facebook.com/CarlThiemKlinikum,https://www.linkedin.com/company/mul-ct,https://www.instagram.com/mul.ct,,,https://www.youtube.com/channel/UCka-zjmLEOsz6j5O0fsVHJg
http://www.wikidata.org/entity/Q22963,https://www.uni-speyer.de/,,https://x.com/Uni_Speyer,https://www.facebook.com/uni.speyer,https://www.linkedin.com/company/deutsche-universität-für-verwaltungswissenschaften-speyer,,,,
http://www.wikidata.org/entity/Q55038,https://www.udk-berlin.de/,,https://x.com/UdK_Berlin_,https://www.facebook.com/udkberlin,https://www.linkedin.com/company/universität-der-künste-berlin,https://www.instagram.com/udkberlin,,,
http://www.wikidata.org/entity/Q1622244,http://www.hnee.de/,,https://x.com/hneeberswalde,https://www.facebook.com/hneeberswalde,,https://www.instagram.com/hneeberswalde,,,https://www.youtube.com/channel/UCgXzspyWEdCblGsMcIAgKuQ
http://www.wikidata.org/entity/Q50662,https://www.goethe-university-frankfurt.de/,,https://x.com/goetheuni,https://www.facebook.com/goetheuni,,,,,
http://www.wikidata.org/entity/Q2718928,http://www.hs-geisenheim.de/,,https://x.com/hsgeisenheim,https://www.facebook.com/hsgeisenheim,,https://www.instagram.com/hsgeisenheim,,,
http://www.wikidata.org/entity/Q2035460,http://www.ostfalia.de,,,,,,,,https://www.youtube.com/channel/UCaiZPGRg7bfSZxHBAqC7Xyw
http://www.wikidata.org/entity/Q2496174,http://www.uni-vechta.de/,,https://x.com/univechta,https://www.facebook.com/UniVechta,https://www.linkedin.com/company/universität-vechta,https://www.instagram.com/univechta,,,https://www.youtube.com/channel/UCprwMD8pNkgYBhBdYjh-qdQ
http://www.wikidata.org/entity/Q56187114,https://www.utn.de/,,https://x.com/utn_nuremberg,https://www.facebook.com/utn.official,https://www.linkedin.com/company/technische-universität-nürnberg,https://www.instagram.com/utn.official,,,https://www.youtube.com/channel/UCw8toSKSYCP6W_GRaIGoTNQ
http://www.wikidata.org/entity/Q1622237,http://www.hfbk-hamburg.de/,,,,,,,,
http://www.wikidata.org/entity/Q1622239,http://www.thws.de/,,,,,,,,
http://www.wikidata.org/entity/Q1622242,http://www.hfoev.bremen.de/,,,,,,,,
http://www.wikidata.org/entity/Q1792452,http://www.kunsthochschule-mainz.de,,,,,,,,
http://www.wikidata.org/entity/Q1997776,http://www.fhr-nord.niedersachsen.de/,,,,,,,,
http://www.wikidata.org/entity/Q2048456,http://www.palucca.eu/,,,,,,,,
http://www.wikidata.org/entity/Q2120205,http://www.ph-gmuend.de,,,,,,,,
http://www.wikidata.org/entity/Q21040613,https://www.polizei.rlp.de/die-polizei/dienststellen/hochschule-der-polizei-rheinland-pfalz,,,,,,,,
http://www.wikidata.org/entity/Q23782301,http://www.ba-breitenbrunn.de/,,,,,,,,
http://www.wikidata.org/entity/Q65952781,https://www.ba-leipzig.de,,,,,,,,
http://www.wikidata.org/entity/Q96623670,https://www.ba-riesa.de/,,,,,,,,
http://www.wikidata.org/entity/Q833822,https://www.uni-kassel.de/uni/,https://wisskomm.social/@unikassel,https://x.com/presseunikassel,https://www.facebook.com/unikassel,,https://www.instagram.com/unikassel,,,https://www.youtube.com/channel/UCldumqvEXqIE112Kyq2S9yg
http://www.wikidata.org/entity/Q1060,https://www.tuhh.de/,,https://x.com/TUHamburg,https://www.facebook.com/tuhamburg,,https://www.instagram.com/tuhamburg,,,
http://www.wikidata.org/entity/Q2324294,http://www.abk-stuttgart.de,,https://x.com/ABKStuttgart,https://www.facebook.com/kunstakademiestuttgart,,https://www.instagram.com/abkstuttgart,,,
http://www.wikidata.org/entity/Q2646956,https://www.ash-berlin.eu/,,https://x.com/ash_berlin,https://www.facebook.com/ashbln,https://www.linkedin.com/company/alice-salomon-hochschule-berlin,https://www.instagram.com/alicesalomonhochschule,,,https://www.youtube.com/channel/UCnDEKBNniYb4HM7bv80f_oQ
http://www.wikidata.org/entity/Q55044,https://www.lmu.de/,,https://x.com/LMU_Muenchen,,,https://www.instagram.com/lmu.muenchen,,,
http://www.wikidata.org/entity/Q875138,https://www.htw-berlin.de/,https://wisskomm.social/@HTW_Berlin,https://x.com/htw_berlin,https://www.facebook.com/htwberlin,https://www.linkedin.com/company/htwberlin,https://www.instagram.com/htwberlin,,,https://www.youtube.com/channel/UCZv8-hpaj-cYiTAWnMKpHAQ
http://www.wikidata.org/entity/Q27973252,http://www.dhge.de,,https://x.com/dhgeraeisenach,https://www.facebook.com/Duale.Hochschule.Gera.Eisenach.Official,,https://www.instagram.com/dhgeraeisenach,,,https://www.youtube.com/channel/UCEsa5nPbmZb4p3s6qIQHbxg
http://www.wikidata.org/entity/Q111020102,https://rptu.de/,,https://x.com/rptu_kl_ld,https://www.facebook.com/RPTUKaiserslauternLandau,,https://www.instagram.com/rptu_kl_ld,,,https://www.youtube.com/channel/UCPRG6qYX0DeNlzK15zhqvuw
http://www.wikidata.org/entity/Q835662,https://www.uni-ulm.de/en/,https://mastodon.social/@UniUlm,https://x.com/uni_ulm,https://www.facebook.com/UniUlm,,https://www.instagram.com/universitaetulm,,,
http://www.wikidata.org/entity/Q1233544,https://www.hdm-stuttgart.de,https://bawü.social/@hdmstuttgart,https://x.com/hdm_stgt,https://www.facebook.com/hdmstuttgart,,https://www.instagram.com/hdm.stuttgart,,,
http://www.wikidata.org/entity/Q32120,https://www.uni-halle.de/,,https://x.com/unihalle,https://www.facebook.com/unihalle,https://www.linkedin.com/company/unihalle,https://www.instagram.com/uni_halle,,,https://www.youtube.com/channel/UCG0R-7pdsU4S9hSbrN-09NQ
http://www.wikidata.org/entity/Q835440,https://www.uni-konstanz.de/,https://bawü.social/@unikonstanz,https://x.com/unikonstanz,https://www.facebook.com/unikonstanz,,https://www.instagram.com/unikonstanz,,,https://www.youtube.com/channel/UCUueIuY4dt-gnuzCJmbyokw
http://www.wikidata.org/entity/Q1310061,http://www.ph-karlsruhe.de/,https://wisskomm.social/@PHKA,,,,,,,
http://www.wikidata.org/entity/Q1567759,https://www.hcu-hamburg.de,https://mastodon.social/@HCUHamburg,https://x.com/HCUHamburg,,,,,,
http://www.wikidata.org/entity/Q1622113,http://www.hs-kehl.de/,https://mastodon.social/@hochschule_kehl,,,,,,,
http://www.wikidata.org/entity/Q153012,https://www.uni-potsdam.de/,https://wisskomm.social/@unipotsdam,https://x.com/unipotsdam,https://www.facebook.com/unipotsdam,https://www.linkedin.com/company/university-of-potsdam,https://www.instagram.com/unipotsdam,,,https://www.youtube.com/channel/UCoXjGcBPCfBH9FVIpBD-h7A
http://www.wikidata.org/entity/Q506436,https://www.uni-flensburg.de/,,,https://www.facebook.com/EuropaUniFlensburg,https://www.linkedin.com/company/universit-t-flensburg,,,,
http://www.wikidata.org/entity/Q317070,https://www.uni-mannheim.de/,https://bawü.social/@unimannheim,,https://www.facebook.com/UniMannheim,https://www.linkedin.com/company/university-of-mannheim,https://www.instagram.com/uni_mannheim,,https://www.tiktok.com/@uni_mannheim,https://www.youtube.com/channel/UCs0hchMFMGwHc3aMCYDEBEw
http://www.wikidata.org/entity/Q122453,https://www.uni-stuttgart.de,https://bawü.social/@Uni_Stuttgart,https://x.com/Uni_Stuttgart,https://www.facebook.com/Universitaet.Stuttgart,,https://www.instagram.com/unistuttgart,,,https://www.youtube.com/channel/UC-7-1khnoRLpNNBf4ecRL2Q
http://www.wikidata.org/entity/Q1622123,http://www.hs-magdeburg.de/,https://machteburch.social/@h2international,https://x.com/hs_magdeburg,https://www.facebook.com/hsmagdeburg,https://www.linkedin.com/company/hochschule-magdeburg-stendal,https://www.instagram.com/hsmagdeburgstendal,,,https://www.youtube.com/channel/UC7YdQB8o9ZZEVS1GztX3HuQ
http://www.wikidata.org/entity/Q1622074,https://www.hs-anhalt.de,https://mastodon.social/@hsanhalt,https://x.com/HSAnhalt,https://www.facebook.com/HochschuleAnhalt,https://www.linkedin.com/company/hochschuleanhalt,https://www.instagram.com/hsanhalt,,,https://www.youtube.com/channel/UC_KgOfb7KsinWUebe3EdF8Q
http://www.wikidata.org/entity/Q1622229,https://www.hfwu.de/,https://bawü.social/@HfWU,https://x.com/hfwu_tweet,https://www.facebook.com/hfwu.de,https://www.linkedin.com/company/hfwu,https://www.instagram.com/hfwu.de,,,https://www.youtube.com/channel/UCJioYvTsd_IiyjsPcZKS3KA
http://www.wikidata.org/entity/Q260107,https://www.hfm-wuerzburg.de,,,https://www.facebook.com/hfm.wuerzburg,,,,,
http://www.wikidata.org/entity/Q263537,https://www.th-rosenheim.de/,,,https://www.facebook.com/HochschuleRosenheim,,,,,
http://www.wikidata.org/entity/Q513622,http://www.mh-luebeck.de/,,,https://www.facebook.com/MusikhochschuleLuebeck,,,,,
http://www.wikidata.org/entity/Q657167,http://website.musikhochschule-muenchen.de/de/index.php,,,https://www.facebook.com/310270902396373,,,,,
http://www.wikidata.org/entity/Q542415,http://www.hs-rm.de/,https://wisskomm.social/@hs_rheinmain,,https://www.facebook.com/HSRheinMain,,,,,
http://www.wikidata.org/entity/Q690912,https://www.uni-hohenheim.de/,https://bawü.social/@unihohenheim,https://x.com/unihohenheim,https://www.facebook.com/UniHohenheim,,https://www.instagram.com/unihohenheim,,,
http://www.wikidata.org/entity/Q1356982,http://www.eah-jena.de/,https://wisskomm.social/@EAHJena,https://x.com/EAHJena,https://www.facebook.com/EAHJena,https://www.linkedin.com/company/eahjena,https://www.instagram.com/eahjena,,https://www.tiktok.com/@eahjena,https://www.youtube.com/channel/UCXN6OTSl3dNbwCEvXQw0XYg
http://www.wikidata.org/entity/Q319333,https://www.uni-hildesheim.de/,,,https://www.facebook.com/uni-hildesheim,https://www.linkedin.com/company/stiftung-universitaet-hildesheim,https://www.instagram.com/unihildesheim,,,https://www.youtube.com/channel/UCGQ1_JA_ZJ-RVfkaxOp0KTw
http://www.wikidata.org/entity/Q159630,http://www.tu-chemnitz.de/,https://mastodon.social/@tuchemnitz,https://x.com/TUChemnitz,https://www.facebook.com/TUChemnitz,https://www.linkedin.com/company/technische-universitat-chemnitz,https://www.instagram.com/tuchemnitz,,,https://www.youtube.com/channel/UCktQ81zUajsflP1d7wlj8XA
http://www.wikidata.org/entity/Q536163,http://www.hfm-weimar.de/,,,https://www.facebook.com/hfmweimar,,https://www.instagram.com/hfmweimar,,,https://www.youtube.com/channel/UCwMm1XM8OTDbmRdZfo8ykAQ
http://www.wikidata.org/entity/Q327693,http://www.hs-heilbronn.de/,,,https://www.facebook.com/hochschule.heilbronn,,https://www.instagram.com/hochschule_heilbronn,,,
http://www.wikidata.org/entity/Q414258,https://adk-bw.de/,,,https://www.facebook.com/adkbw,,https://www.instagram.com/adk_ludwigsburg,,,
http://www.wikidata.org/entity/Q453821,http://www.hs-fulda.de/,,,https://www.facebook.com/hsfulda,,https://www.instagram.com/hochschule_fulda,,,
http://www.wikidata.org/entity/Q455331,https://www.hmtm-hannover.de/,,,https://www.facebook.com/HMTMH,,https://www.instagram.com/hmtmh_offiziell,,,
http://www.wikidata.org/entity/Q468181,http://www.hfmdd.de,,,https://www.facebook.com/hfmdd,,https://www.instagram.com/hfm_dresden,,,
http://www.wikidata.org/entity/Q312578,https://www.hmt-leipzig.de/,,,,,,,,
http://www.wikidata.org/entity/Q321369,http://www.hs-mannheim.de/,,,,,,,,
http://www.wikidata.org/entity/Q322938,http://www.kunstakademie-karlsruhe.de,,,,,,,,
http://www.wikidata.org/entity/Q448324,http://www.hfm-karlsruhe.de,,,,,,,,
http://www.wikidata.org/entity/Q459724,http://www.hs-mainz.de/,,,,,,,,
http://www.wikidata.org/entity/Q650345,http://www.mh-freiburg.de,,,,,,,,
http://www.wikidata.org/entity/Q828762,https://www.ba-dresden.de/,,,,,,,,
http://www.wikidata.org/entity/Q828771,https://www.ba-plauen.de/,,,,,,,,
http://www.wikidata.org/entity/Q828773,http://www.ba-glauchau.de,,,,,,,,
http://www.wikidata.org/entity/Q568692,http://www.mh-stuttgart.de,,,https://www.facebook.com/155450051144516,,https://www.instagram.com/hmdk_stuttgart,,,https://www.youtube.com/channel/UCMfWKGjVkasZTbl3Ag7JZog
http://www.wikidata.org/entity/Q309988,https://www.kit.edu,https://mastodon.social/@KIT_Karlsruhe,https://x.com/KITKarlsruhe,https://www.facebook.com/KIT.Karlsruhe.Official,,,https://bsky.app/profile/kitkarlsruhe.bsky.social,,
http://www.wikidata.org/entity/Q678982,https://www.uni-hannover.de/,https://wisskomm.social/@unihannover,https://x.com/UniHannover,https://www.facebook.com/unihannover,,,,,https://www.youtube.com/channel/UCC0Eg0d1gGkpChelGo4-b4g
http://www.wikidata.org/entity/Q153006,https://www.fu-berlin.de/,https://berlin.social/@freieuniversitaet,https://x.com/FU_Berlin,https://www.facebook.com/freieuniversitaetberlin,https://www.linkedin.com/company/freie-universitat-berlin,https://www.instagram.com/fu_berlin,,,https://www.youtube.com/channel/UChGMnECSItBUYZH1YIXLj-w
http://www.wikidata.org/entity/Q317125,https://www.reutlingen-university.de/,https://bawü.social/@Hochschule_Reutlingen,https://x.com/HS_reutlingen,https://www.facebook.com/HochschuleReutlingen,,https://www.instagram.com/hochschule.reutlingen,,,
http://www.wikidata.org/entity/Q315175,http://www.hgb-leipzig.de/,,,,,https://www.instagram.com/un.trust.you,,,
http://www.wikidata.org/entity/Q597758,https://uol.de/,https://wisskomm.social/@UniOldenburg,https://x.com/unioldenburg,https://www.facebook.com/UniversitaetOldenburg,,,,,
http://www.wikidata.org/entity/Q248702,http://www.hfg-gmuend.de,https://bawü.social/@hfg_gmuend,https://x.com/hfggmuend,https://www.facebook.com/hfg.gmuend,,https://www.instagram.com/hfg.gmuend,,,https://www.youtube.com/channel/UCKuohTsLTTlnH52uxS7px5A
http://www.wikidata.org/entity/Q315229,https://www.dshs-koeln.de/,https://wisskomm.social/@Sporthochschule,https://x.com/SpoHoKoeln,https://www.facebook.com/sporthochschule,https://www.linkedin.com/company/sporthochschule,https://www.instagram.com/sporthochschule,,,https://www.youtube.com/channel/UC7H6D4NK7OfQVvF7-3_9HiA
http://www.wikidata.org/entity/Q310695,https://www.tu-darmstadt.de/,https://darmstadt.social/@TU,https://x.com/TUDarmstadt,,,,,,
http://www.wikidata.org/entity/Q165528,https://www.uni-greifswald.de/,https://mastodon.social/@unigreifswald,https://x.com/uni_greifswald,https://www.facebook.com/Uni.Greifswald.de,https://www.linkedin.com/company/uni-greifswald,https://www.instagram.com/unigreifswald,,,https://www.youtube.com/channel/UCr-GyD51AMZJ9MdSU8xx7nQ
http://www.wikidata.org/entity/Q1523703,http://www.th-ab.de,,,https://www.facebook.com/THAschaffenburg,,https://www.instagram.com/studiereninab,,,
http://www.wikidata.org/entity/Q1622133,https://www.hs-offenburg.de/,,,https://www.facebook.com/HS.Offenburg,,https://www.instagram.com/hochschule.offenburg,,,
http://www.wikidata.org/entity/Q1622143,http://hs-ulm.de,,,https://www.facebook.com/TechnischeHochschuleUlm,,https://www.instagram.com/th_ulm,,,
http://www.wikidata.org/entity/Q1622149,http://www.hbksaar.de,,,https://www.facebook.com/HBKsaar,,https://www.instagram.com/hbksaar,,,
http://www.wikidata.org/entity/Q157808,https://www.tum.de/,https://wisskomm.social/@tu_muenchen,https://x.com/TU_Muenchen,https://www.facebook.com/TU.Muenchen,,https://www.instagram.com/tu.muenchen,,,https://www.youtube.com/channel/UCD9OIFnCLtXbvMKRI1vufhQ
http://www.wikidata.org/entity/Q224514,https://hs-hannover.de/,,https://x.com/HsHannover,https://www.facebook.com/HsHannover,https://www.linkedin.com/company/hochschule-hannover,https://www.instagram.com/hochschulehannover,,,https://www.youtube.com/channel/UCT9Tflm91hZvs5n-OpCIUqQ
http://www.wikidata.org/entity/Q1413500,http://www.muho-mannheim.de/,,,https://www.facebook.com/Hochschule-für-Musik-Nürnberg-165110576869963,,https://www.instagram.com/hfm_nuernberg,,,https://www.youtube.com/channel/UC_ZxXrygIwjucEiEYblzhiw
http://www.wikidata.org/entity/Q1622093,https://www.hs-bremerhaven.de,,,https://www.facebook.com/hsbremerhaven,,https://www.instagram.com/hs_bremerhaven,,,https://www.youtube.com/channel/UC-RyTL2AW3-xmqGKfpanWqA
http://www.wikidata.org/entity/Q1503440,https://www.th-nuernberg.de/,,https://x.com/TH_Nuernberg,,,https://www.instagram.com/th_nuernberg,,https://www.tiktok.com/@ohmthnuernberg,
http://www.wikidata.org/entity/Q1011953,https://www.burg-halle.de/,,https://x.com/burghalle,https://www.facebook.com/burghalle,,https://www.instagram.com/burg_halle,,,https://www.youtube.com/channel/UCwuFltZ7LsTWr6njJU-Aa3g
http://www.wikidata.org/entity/Q1391214,https://fh-polizei.sachsen-anhalt.de/,,https://x.com/fhpolizeilsa,,,,,,
http://www.wikidata.org/entity/Q1429906,http://www.ph-heidelberg.de/,,https://x.com/phheidelberg,,,https://www.instagram.com/phheidelberg,,,
http://www.wikidata.org/entity/Q155354,https://www.uni-marburg.de/,,https://x.com/uni_mr,https://www.facebook.com/PhilippsUniversitaet,,https://www.instagram.com/philippsunimarburg,,,
http://www.wikidata.org/entity/Q156725,https://uni-hamburg.de,,https://x.com/unihh,https://www.facebook.com/uni.hamburg,,https://www.instagram.com/uni_hamburg,,,
http://www.wikidata.org/entity/Q161976,http://www.uni-wuerzburg.de/,,https://x.com/Uni_WUE,https://www.facebook.com/uniwue,,https://www.instagram.com/uniwuerzburg,,,
http://www.wikidata.org/entity/Q314684,http://www.th-mittelhessen.de/site/,,https://x.com/thmtweets,https://www.facebook.com/thm.de,,https://www.instagram.com/thmittelhessen,,,
http://www.wikidata.org/entity/Q328274,https://hs-flensburg.de/,,https://x.com/HochschuleFL,https://www.facebook.com/hsflensburg,,https://www.instagram.com/hochschuleflensburg,,,
http://www.wikidata.org/entity/Q414041,http://www.adbk-nuernberg.de,,https://x.com/AdBK_Nuernberg,https://www.facebook.com/adbk.nuernberg,,https://www.instagram.com/adbk_nuernberg,,,
http://www.wikidata.org/entity/Q678965,https://www.uni-kl.de,,https://x.com/uni_kl,https://www.facebook.com/TUKaiserslautern,,https://www.instagram.com/tukaiserslautern,,,
http://www.wikidata.org/entity/Q700824,http://hfmt-hamburg.de,,https://x.com/HfMT_Hamburg,https://www.facebook.com/HfMT.Hamburg,,https://www.instagram.com/hfmt_hamburg,,,
http://www.wikidata.org/entity/Q702486,https://www.uni-trier.de/,,https://x.com/TrierUni,https://www.facebook.com/uni.trier,,https://www.instagram.com/uni_trier,,,
http://www.wikidata.org/entity/Q152838,https://www.uni-goettingen.de/en/1.html,,https://x.com/unigoettingen,https://www.facebook.com/georgiaaugusta,,https://www.instagram.com/unigoettingen,,,
http://www.wikidata.org/entity/Q161982,https://www.uni-mainz.de/,,https://x.com/uni_mainz,https://www.facebook.com/uni.mainz,,,,,
http://www.wikidata.org/entity/Q314089,http://hm.edu/,,https://x.com/HAW_Muenchen,https://www.facebook.com/HochschuleMuenchen,,,,,
http://www.wikidata.org/entity/Q317053,https://www.uni-giessen.de/,,https://x.com/jlugiessen,https://www.facebook.com/jlu.giessen,,https://www.instagram.com/jlu.giessen,,,
http://www.wikidata.org/entity/Q448590,http://www.uni-koblenz-landau.de/,,https://x.com/unikold,https://www.facebook.com/uni.koblenz-landau,,,,,
http://www.wikidata.org/entity/Q464752,http://www.hfbk-dresden.de,,https://x.com/hfbk_dresden,https://www.facebook.com/HfBK.Dresden,,https://www.instagram.com/hfbk_dresden,,,
http://www.wikidata.org/entity/Q466664,http://www.hfk-bremen.de/,,https://x.com/hfkbremen,https://www.facebook.com/HfKBremen,,https://www.instagram.com/hfkbremen,,,
http://www.wikidata.org/entity/Q616905,http://www.uni-augsburg.de/,,https://x.com/uni__augsburg,https://www.facebook.com/uni.augsburg,,,,,
http://www.wikidata.org/entity/Q149433,http://www.b-tu.de/,,https://x.com/btu_cs,https://www.facebook.com/btucs,https://www.linkedin.com/company/btu-cottbus-senftenberg,https://www.instagram.com/btucs,,https://www.tiktok.com/@btucottbussenftenberg,https://www.youtube.com/channel/UCDiE6PVukzyND6cYHXNlO_Q
http://www.wikidata.org/entity/Q202952,http://www.hs-mittweida.de/,,https://x.com/hsmw,https://www.facebook.com/hsmittweida,https://www.linkedin.com/company/hsmittweida,https://www.instagram.com/hochschulemittweida,,https://www.tiktok.com/@hochschulemittweida,https://www.youtube.com/channel/UC8uyg33NfnJE-UFSXz-gqaA
http://www.wikidata.org/entity/Q317796,http://www.hfmdk-frankfurt.info/,,https://x.com/HfMDK,https://www.facebook.com/hfmdkfrankfurt,,https://www.instagram.com/hfmdk.frankfurt,,,https://www.youtube.com/channel/UCOWYNRLuhJNvobkwXmTOVpA
http://www.wikidata.org/entity/Q569350,http://www.hff-muc.de,,https://x.com/HFF_Muenchen,https://www.facebook.com/HFFMuenchen,,https://www.instagram.com/hffmuenchen,,,https://www.youtube.com/channel/UCEAj-AAqFvFU6sO05V2TMhQ
http://www.wikidata.org/entity/Q569460,https://www.hfm-berlin.de/,,https://x.com/HfMHannsEisler,https://www.facebook.com/Hochschule-für-Musik-Hanns-Eisler-Berlin-449922482010251,,https://www.instagram.com/hannseislerberlin,,,https://www.youtube.com/channel/UC1d5_re-y4shlmjxbrS-0pg
http://www.wikidata.org/entity/Q414163,http://www.adwmainz.de,,https://x.com/adwmainz,,,https://www.instagram.com/adwmainz,,,https://www.youtube.com/channel/UCYlKpsdwf45rELS_80euD8g
http://www.wikidata.org/entity/Q702499,http://www.uni-osnabrueck.de,,https://x.com/uniosnabrueck,https://www.facebook.com/uniosnabrueck,https://www.linkedin.com/company/osnabrueck-university,https://www.instagram.com/uniosnabrueck,,,https://www.youtube.com/channel/UCN_aFLAXQEKZIa96PXxbi0Q
http://www.wikidata.org/entity/Q1607255,https://www.tiho-hannover.de/,,,https://www.facebook.com/tihohannover,,,,,https://www.youtube.com/channel/UCCvMFNgzh03YGT07anZHFnw
http://www.wikidata.org/entity/Q129195,http://www.tu-ilmenau.de,,https://x.com/tu_ilmenau,https://www.facebook.com/TU.Ilmenau,https://www.linkedin.com/company/tu-ilmenau,https://www.instagram.com/tu.ilmenau,,,
http://www.wikidata.org/entity/Q878170,http://www.fh-bingen.de/,,https://x.com/th_bingen,https://www.facebook.com/hochschule.bingen,https://www.linkedin.com/company/th-bingen,https://www.instagram.com/hochschule.bingen,,,
http://www.wikidata.org/entity/Q1622147,http://www.hszg.de/,,https://x.com/hochschulezigr,https://www.facebook.com/hszg.de,https://www.linkedin.com/company/hszg,https://www.instagram.com/hszg.de,,https://www.tiktok.com/@hs_zittau_goerlitz,https://www.youtube.com/channel/UCgCUGr_YXuhM3-QJCjr0a1g
http://www.wikidata.org/entity/Q1391239,http://www.hs-worms.de/,,https://x.com/hsworms,https://www.facebook.com/hochschuleworms,https://www.linkedin.com/company/hochschule-worms,https://www.instagram.com/hsworms,,,https://www.youtube.com/channel/UCNkpI-sxWfH3DXFa1aEteaQ
http://www.wikidata.org/entity/Q1622216,https://www.htwk-leipzig.de/en/htwk-leipzig/,,https://x.com/htwkleipzig,https://www.facebook.com/HTWKLeipzig,https://www.linkedin.com/company/htwk-leipzig,https://www.instagram.com/htwkleipzig,,,https://www.youtube.com/channel/UCv3w3GMAfShYlKFkQLFGXFw
http://www.wikidata.org/entity/Q284992,http://www.h-da.de/,,https://x.com/h_da,https://www.facebook.com/hochschuleda,https://www.linkedin.com/company/darmstadt-university-of-applied-sciences,https://www.instagram.com/hochschuledarmstadt,,,https://www.youtube.com/channel/UCSYGMjIiutDZ8ZfueCXFIpw
http://www.wikidata.org/entity/Q447354,http://www.tu-clausthal.de/,,https://x.com/TUC_research,https://www.facebook.com/TU.Clausthal,https://www.linkedin.com/company/clausthal-university-of-technology,https://www.instagram.com/tuclausthal,,,https://www.youtube.com/channel/UCmYcyVjCiVNjSd-yMMbrqzg
http://www.wikidata.org/entity/Q464443,https://www.hwr-berlin.de/,,https://x.com/HWR_Berlin,https://www.facebook.com/officialHWRBerlin,https://www.linkedin.com/company/hwr-berlin,https://www.instagram.com/officialhwrberlin,,,https://www.youtube.com/channel/UCl91CT5O62lr8JFIdozM7zw
http://www.wikidata.org/entity/Q574571,https://www.uni-regensburg.de/,,https://x.com/uni_regensburg,https://www.facebook.com/UR.Regensburg,https://www.linkedin.com/company/university-of-regensburg,https://www.instagram.com/uni.regensburg,,,https://www.youtube.com/channel/UCIEuZpCKdN96I9yacroJaBw
http://www.wikidata.org/entity/Q655866,http://www.ovgu.de/,,https://x.com/OVGUpresse,https://www.facebook.com/OvGU.Magdeburg,https://www.linkedin.com/company/otto-von-guericke-university-magdeburg,https://www.instagram.com/uni_magdeburg,,,https://www.youtube.com/channel/UCX7seJ01ntgujN3NilAUkUw
http://www.wikidata.org/entity/Q686171,http://www.th-wildau.de/,,https://x.com/TH_Wildau,https://www.facebook.com/THWildauPage,https://www.linkedin.com/company/technische-hochschule-wildau,https://www.instagram.com/th.wildau,,,https://www.youtube.com/channel/UCEks8zzfQLzM16k4ngg01BA
http://www.wikidata.org/entity/Q689854,https://tubaf.org/en/home,,https://x.com/tubergakademie,https://www.facebook.com/bergakademie,https://www.linkedin.com/company/tu-freiberg.de,https://www.instagram.com/bergakademie_freiberg,,,https://www.youtube.com/channel/UC76MdG8Ewd7_LNajayTzBag
http://www.wikidata.org/entity/Q149481,https://www.europa-uni.de,,https://x.com/viadrina,https://www.facebook.com/europa.uni,https://www.linkedin.com/company/europa-universitaet-viadrina,https://www.instagram.com/viadrina,,,https://www.youtube.com/channel/UC6upYE5uoBnP9a6N8Gf38lQ
http://www.wikidata.org/entity/Q159895,https://www.uni-rostock.de/,,https://x.com/unirostock,https://www.facebook.com/universitaet.rostock,https://www.linkedin.com/company/university-of-rostock,https://www.instagram.com/unirostock,,,https://www.youtube.com/channel/UCqlfb7xQBoF_ftD5SznDp9g
http://www.wikidata.org/entity/Q468553,https://www.th-deg.de/,,https://x.com/th_deggendorf,https://www.facebook.com/HochschuleDeggendorf,https://www.linkedin.com/company/technische-hochschule-deggendorf,https://www.instagram.com/th_deggendorf,,https://www.tiktok.com/@th_deggendorf,https://www.youtube.com/channel/UCc2nRFYXdXbWsCUvnqTr-Zw
http://www.wikidata.org/entity/Q702524,https://www.uni-erfurt.de/,,https://x.com/unierfurt,https://www.facebook.com/UniErfurt,https://www.linkedin.com/company/university-of-erfurt,https://www.instagram.com/unierfurt,,,https://www.youtube.com/channel/UCK5TWH-olaLS8gIHAA6LmCQ
http://www.wikidata.org/entity/Q1391198,http://www.hs-kl.de/,,https://x.com/Hochschule_KL,https://www.facebook.com/hskaiserslautern,,,,,https://www.youtube.com/channel/UCeKY3Yx59e1QxInfoon761Q
http://www.wikidata.org/entity/Q879216,http://www.hbk-bs.de/,,https://x.com/HBK_BS,https://www.facebook.com/hbkbs,,,,,
http://www.wikidata.org/entity/Q1622115,http://www.hochschule-kempten.de/,,https://x.com/hskempten,https://www.facebook.com/hs.kempten,,https://www.instagram.com/hskempten,,,
http://www.wikidata.org/entity/Q1622118,http://www.htwg-konstanz.de/English.20.0.html,,https://x.com/htwg,https://www.facebook.com/htwgkonstanz,,,,,
http://www.wikidata.org/entity/Q156737,https://www.uni-kiel.de/de/,,https://x.com/kieluni,https://www.facebook.com/kieluni,,https://www.instagram.com/kieluni,,,
http://www.wikidata.org/entity/Q317087,http://www.uni-luebeck.de/,,https://x.com/UniLuebeck,https://www.facebook.com/UniLuebeck,,,,,
http://www.wikidata.org/entity/Q505170,https://www.leuphana.de/,,https://x.com/leuphana,https://www.facebook.com/leuphana,,,,,
http://www.wikidata.org/entity/Q702482,https://www.uni-bayreuth.de/,,https://x.com/unibt,,,,,,
http://www.wikidata.org/entity/Q704468,https://www.uni-passau.de/,,https://x.com/unipassau,,,,,,
http://www.wikidata.org/entity/Q761708,https://www.h-ka.de/,,https://x.com/HKAnews,,https://www.linkedin.com/company/hochschule-karlsruhe,,,,
http://www.wikidata.org/entity/Q875722,http://www.staedelschule.de/,,,,,,,,
http://www.wikidata.org/entity/Q880577,http://www.filmakademie.de/,,,,,,,,
http://www.wikidata.org/entity/Q896546,https://www.hochschule-trier.de/,,,,,,,,
http://www.wikidata.org/entity/Q1391225,http://www.fh-schwetzingen.de/,,,,,,,,
http://www.wikidata.org/entity/Q1391235,http://www.fh-westkueste.de/,,,,,,,,
http://www.wikidata.org/entity/Q1391248,https://www.fhsv.sachsen.de/,,,,,,,,
http://www.wikidata.org/entity/Q1391252,http://www.hsbund.de/,,,,,,,,
http://www.wikidata.org/entity/Q1391265,http://www.fachhochschule-edenkoben.de/,,,,,,,,
http://www.wikidata.org/entity/Q1391272,http://www.fhvd.de/,,,,,,,,
http://www.wikidata.org/entity/Q1391292,http://www.hoev-rlp.de/,,,,,,,,
http://www.wikidata.org/entity/Q1391293,https://www.hspv.nrw.de/,,,,,,,,
http://www.wikidata.org/entity/Q1441039,https://www.hs-albsig.de/,,,,,,,,
http://www.wikidata.org/entity/Q1441203,https://www.ph-freiburg.de/,,,,,,,,
http://www.wikidata.org/entity/Q1481465,http://www.hfpv.de,,,,,,,,
http://www.wikidata.org/entity/Q1492202,http://www.popakademie.de,,,,,,,,
http://www.wikidata.org/entity/Q1509323,http://www.polizei.sachsen.de/de/polfh.htm,,,,,,,,
http://www.wikidata.org/entity/Q1562772,http://www.hawk-hhg.de/,,,,,,,,
http://www.wikidata.org/entity/Q1604537,http://www.hs-ludwigsburg.de/,,,,,,,,
http://www.wikidata.org/entity/Q1615884,http://www.studienzentrum-rotenburg.de/,,,,,,,,
http://www.wikidata.org/entity/Q1622071,http://www.hs-aalen.de/,,,,,,,,
http://www.wikidata.org/entity/Q1622072,http://www.oth-aw.de/,,,https://www.facebook.com/OTHAmbergWeiden,,,,,
http://www.wikidata.org/entity/Q1622076,http://www.hs-ansbach.de,,,,,,,,
http://www.wikidata.org/entity/Q1622079,http://www.hochschule-biberach.de/,,,,,,,,
http://www.wikidata.org/entity/Q1622101,http://www.hs-esslingen.de,,,https://www.facebook.com/hochschule.es,,https://www.instagram.com/hochschule.es,,,
http://www.wikidata.org/entity/Q1622109,http://www.hof-university.de,,,,,,,,
http://www.wikidata.org/entity/Q1622125,https://www.hwg-lu.de/,,,https://www.facebook.com/hwg.ludwigshafen,,https://www.instagram.com/hwg.ludwigshafen,,,
http://www.wikidata.org/entity/Q1622145,http://www.hswt.de/,,,,,,,,
http://www.wikidata.org/entity/Q1622175,http://www.hs-rottenburg.net,,,,,,,,
http://www.wikidata.org/entity/Q1622203,http://www.hfm-mainz.de,,,https://www.facebook.com/hfm.mainz,,,,,
http://www.wikidata.org/entity/Q1622214,https://www.hfpol-bw.de/,,,,,,,,
http://www.wikidata.org/entity/Q1391201,https://www.fh-kiel.de/,,https://x.com/vielfhkiel,https://www.facebook.com/FHKiel,https://www.linkedin.com/company//school/fachhochschule-kiel/,https://www.instagram.com/fachhochschule_kiel,,,
http://www.wikidata.org/entity/Q884358,http://www.hs-pforzheim.de,,https://x.com/hs_pforzheim,https://www.facebook.com/hs.pforzheim,,https://www.instagram.com/hspforzheim,,,
http://www.wikidata.org/entity/Q895796,https://www.hfs-berlin.de/,,https://x.com/hfsernstbusch,https://www.facebook.com/HochschulefuerSchauspielkunstErnstBusch,,https://www.instagram.com/hfs_ernst_busch,,,
http://www.wikidata.org/entity/Q896116,https://hfg-karlsruhe.de/en/,,https://x.com/hfg_ka,https://www.facebook.com/hfg.karlsruhe,,https://www.instagram.com/hfg_karlsruhe,,,
http://www.wikidata.org/entity/Q896468,http://www.tha.de/,,https://x.com/hs_augsburg,https://www.facebook.com/hochschule.augsburg,,https://www.instagram.com/hochschuleaugsburg,,,
http://www.wikidata.org/entity/Q1305888,http://www.muthesius-kunsthochschule.de,,https://x.com/MuthesiusKH,https://www.facebook.com/MuthesiusKunsthochschule,,https://www.instagram.com/muthesius_kunsthochschule,,,
http://www.wikidata.org/entity/Q1391202,https://www.th-luebeck.de/,,https://x.com/th_luebeck,https://www.facebook.com/technische.hochschule.luebeck,,https://www.instagram.com/th.luebeck,,,
http://www.wikidata.org/entity/Q1540704,https://www.hft-stuttgart.de/,,https://x.com/HFT_Presse,https://www.facebook.com/HfTStuttgart,,https://www.instagram.com/hft_stuttgart,,,
http://www.wikidata.org/entity/Q1622111,https://www.thi.de/,,https://x.com/th_ingolstadt,https://www.facebook.com/hochschule.ingolstadt,,https://www.instagram.com/thingolstadt_official,,,
http://www.wikidata.org/entity/Q1622117,http://www.hs-koblenz.de/,,https://x.com/HSKoblenz,https://www.facebook.com/HochschuleKoblenz,,https://www.instagram.com/hskoblenz,,,
http://www.wikidata.org/entity/Q1622179,http://www.hfg-offenbach.de/,,https://x.com/HfG_Offenbach,https://www.facebook.com/hfg.offenbach,,https://www.instagram.com/hfg_offenbach,,,
http://www.wikidata.org/entity/Q884111,https://www.htwsaar.de/,,https://x.com/htw,https://www.facebook.com/htwsaar,,https://www.instagram.com/htwsaar_,,,https://www.youtube.com/channel/UCy033MGqngwOBwWqaTFGDug
http://www.wikidata.org/entity/Q1391189,http://www.fh-erfurt.de/,,https://x.com/fh_erfurt,https://www.facebook.com/fachhochschuleerfurt,,https://www.instagram.com/fherfurt,,,https://www.youtube.com/channel/UCqw_x6jEx4ET45NfwyFy9EA
http://www.wikidata.org/entity/Q1391231,https://www.hochschule-stralsund.de/,,https://x.com/HS_Stralsund,https://www.facebook.com/HS.Stralsund,,https://www.instagram.com/hochschule_stralsund,,,https://www.youtube.com/channel/UC98VqFNMKTXR-JT368ygwEA
http://www.wikidata.org/entity/Q1622105,https://www.hs-harz.de/,,https://x.com/hs_harz,https://www.facebook.com/hochschuleharz,https://www.linkedin.com/company/hochschuleharz,https://www.instagram.com/hochschule_harz,,,https://www.youtube.com/channel/UCrm5EAWn6zT4nJaPKnfAR3Q
http://www.wikidata.org/entity/Q1622130,https://www.hs-nb.de/,,https://x.com/hsnb_campus,https://www.facebook.com/hochschule.neubrandenburg,,https://www.instagram.com/hochschuleneubrandenburg,,,https://www.youtube.com/channel/UCwbF-QSPGjFNODGtJ8cmlFQ
http://www.wikidata.org/entity/Q1622135,http://www.hs-osnabrueck.de/,,https://x.com/HS_Osnabrueck,https://www.facebook.com/hs.osnabrueck,,https://www.instagram.com/hs_osnabrueck,,,https://www.youtube.com/channel/UCblmQHzIyzVHnKHwu0nISrw
http://www.wikidata.org/entity/Q851413,https://www.bht-berlin.de/,,https://x.com/BHT_bln,https://www.facebook.com/BHTbln,https://www.linkedin.com/company/berliner-hochschule-für-technik-bht,https://www.instagram.com/bht_studierezukunft,,,https://www.youtube.com/channel/UCZlrBVO9MSDGaKhC3cZbWAQ
http://www.wikidata.org/entity/Q883036,http://www.hs-wismar.de,,https://x.com/HSWismarPresse,https://www.facebook.com/HochschuleWismar,https://www.linkedin.com/company/hochschule-wismar,https://www.instagram.com/hochschule_wismar,,,https://www.youtube.com/channel/UCa6oKtYD3Ez8LbJcsEuk8Cw
http://www.wikidata.org/entity/Q884503,https://www.fh-zwickau.de/,,https://x.com/WHZ_Zwickau,https://www.facebook.com/fh.zwickau,https://www.linkedin.com/company/westsachsische-hochschule-zwickau,https://www.instagram.com/hochschulezwickau,,,https://www.youtube.com/channel/UCs9cSNX9SCpk4mn_0jLkXow
http://www.wikidata.org/entity/Q911561,http://www.mh-hannover.de/,,https://x.com/MHH_life,https://www.facebook.com/MHHnova,https://www.linkedin.com/company/medizinische-hochschule-hannover,https://www.instagram.com/medizinischehochschule,,,https://www.youtube.com/channel/UCRsY8xhMQE2vHzgkBEEnzkw
http://www.wikidata.org/entity/Q982435,http://www.oth-regensburg.de/,,https://x.com/OTH_Regensburg,https://www.facebook.com/oth.regensburg.de,https://www.linkedin.com/company/fachhochschule-regensburg,https://www.instagram.com/oth_regensburg,,,https://www.youtube.com/channel/UCTlHprZiB2OYT4D5MOhz-sQ
http://www.wikidata.org/entity/Q1550192,http://www.filmuniversitaet.de/,,https://x.com/Filmuni,https://www.facebook.com/Filmuniversitaet,https://www.linkedin.com/company/filmuniversitaet,https://www.instagram.com/filmuni,,,https://www.youtube.com/channel/UClR-YEgtjMWlhAN7RDX7hAg
http://www.wikidata.org/entity/Q1622092,http://www.hs-bremen.de/,,https://x.com/HSBremen,https://www.facebook.com/HSB.HochschuleBremen,https://www.linkedin.com/company/hsbremen,https://www.instagram.com/hsb.hochschulebremen,,,https://www.youtube.com/channel/UCD1Qd3zJGBaTVHO06UgXmgA
http://www.wikidata.org/entity/Q1622096,http://www.hs-emden-leer.de/,,https://x.com/HS_EmdenLeer,https://www.facebook.com/hochschule.emden.leer,https://www.linkedin.com/company/hochschule-emden-leer,https://www.instagram.com/hs.emden.leer,,,https://www.youtube.com/channel/UCBwRmC54FXW61FsE_aoxtqw
http://www.wikidata.org/entity/Q1622121,http://www.haw-landshut.de/,,https://x.com/HaWLandshut,https://www.facebook.com/HAW.Landshut,https://www.linkedin.com/company/hochschule-landshut,https://www.instagram.com/hochschulelandshut,,,https://www.youtube.com/channel/UCW36rNOxQlv7CjN7DrzX9sg
http://www.wikidata.org/entity/Q1622126,https://www.hs-merseburg.de/,,https://x.com/hsmerseburg,https://www.facebook.com/HochschuleMerseburg,https://www.linkedin.com/company/hochschule-merseburg,https://www.instagram.com/hochschulemerseburg,,,https://www.youtube.com/channel/UClka0HynJRV5EdaDrbNKvlQ
http://www.wikidata.org/entity/Q1622129,https://www.hnu.de/,,https://x.com/hs_neu_ulm,https://www.facebook.com/HochschuleNeuUlm,https://www.linkedin.com/company/hochschule-neu-ulm,https://www.instagram.com/hochschule_neu_ulm,,https://www.tiktok.com/@hochschule_neu_ulm,https://www.youtube.com/channel/UCSm55exzvDBeusbAErPkesw
